{"tempsensitivity": 321, "accelbias": [0, 0, 1], "magbias": [-31.95703, 28.16016, -14.02539, 31.95703, 28.16016, 14.02539, 0.773357, 0.8776299, 1.762104], "tempoffset": 0, "gyrobias": [0.08625955, -1.448855, 0.03664122]}
